m_id,m_MapLabel,m_MapPath,m_PathDataPath
0,ResidentGame,/Game/Level/ResidentGame,
1,MainTitle,/Game/Level/Scene/MainTitle,
2,Map_FP_Cliff_N0_1001_A1,/Game/Level/Area/V1_0_0/Cliff/Map_FP_Cliff_N0_1001_A1,/Game/Level/PathActor/V1_0_0/Cliff/Map_FP_Cliff_N0_1001_A1
3,Map_FP_Cliff_N0_1002_A1,/Game/Level/Area/V1_0_0/Cliff/Map_FP_Cliff_N0_1002_A1,/Game/Level/PathActor/V1_0_0/Cliff/Map_FP_Cliff_N0_1002_A1
4,Map_TP_Cliff_N0_1001_A1,/Game/Level/Area/V1_0_0/Cliff/Map_TP_Cliff_N0_1001_A1,/Game/Level/PathActor/V1_0_0/Cliff/Map_TP_Cliff_N0_1001_A1
5,Map_TP_Cliff_N0_1001_B1,/Game/Level/Area/V1_0_0/Cliff/Map_TP_Cliff_N0_1001_B1,/Game/Level/PathActor/V1_0_0/Cliff/Map_TP_Cliff_N0_1001_B1
6,Map_DP_Cliff_N0_1001_A1,/Game/Level/Area/V1_0_0/Cliff/Map_DP_Cliff_N0_1001_A1,/Game/Level/PathActor/V1_0_0/Cliff/Map_DP_Cliff_N0_1001_A1
7,Map_DP_Cliff_N0_1001_B1,/Game/Level/Area/V1_0_0/Cliff/Map_DP_Cliff_N0_1001_B1,/Game/Level/PathActor/V1_0_0/Cliff/Map_DP_Cliff_N0_1001_B1
8,Map_DP_Cliff_N0_1002_A1,/Game/Level/Area/V1_0_0/Cliff/Map_DP_Cliff_N0_1002_A1,/Game/Level/PathActor/V1_0_0/Cliff/Map_DP_Cliff_N0_1002_A1
9,Map_DP_Cliff_N0_1002_B1,/Game/Level/Area/V1_0_0/Cliff/Map_DP_Cliff_N0_1002_B1,/Game/Level/PathActor/V1_0_0/Cliff/Map_DP_Cliff_N0_1002_B1
10,Map_DP_Cliff_N0_1003_A1,/Game/Level/Area/V1_0_0/Cliff/Map_DP_Cliff_N0_1003_A1,/Game/Level/PathActor/V1_0_0/Cliff/Map_DP_Cliff_N0_1003_A1
11,Map_DP_Cliff_N0_1003_B1,/Game/Level/Area/V1_0_0/Cliff/Map_DP_Cliff_N0_1003_B1,/Game/Level/PathActor/V1_0_0/Cliff/Map_DP_Cliff_N0_1003_B1
12,Map_DP_Cliff_N0_1003_C1,/Game/Level/Area/V1_0_0/Cliff/Map_DP_Cliff_N0_1003_C1,/Game/Level/PathActor/V1_0_0/Cliff/Map_DP_Cliff_N0_1003_C1
13,Map_DP_Cliff_N0_1003_D1,/Game/Level/Area/V1_0_0/Cliff/Map_DP_Cliff_N0_1003_D1,/Game/Level/PathActor/V1_0_0/Cliff/Map_DP_Cliff_N0_1003_D1
14,Map_DP_Cliff_N0_1003_E1,/Game/Level/Area/V1_0_0/Cliff/Map_DP_Cliff_N0_1003_E1,/Game/Level/PathActor/V1_0_0/Cliff/Map_DP_Cliff_N0_1003_E1
15,Map_DP_Cliff_N0_1003_F1,/Game/Level/Area/V1_0_0/Cliff/Map_DP_Cliff_N0_1003_F1,/Game/Level/PathActor/V1_0_0/Cliff/Map_DP_Cliff_N0_1003_F1
16,Map_DP_Cliff_N0_1003_G1,/Game/Level/Area/V1_0_0/Cliff/Map_DP_Cliff_N0_1003_G1,/Game/Level/PathActor/V1_0_0/Cliff/Map_DP_Cliff_N0_1003_G1
17,Map_TP_Sea_N0_1001_A1,/Game/Level/Area/V1_0_0/Sea/Map_TP_Sea_N0_1001_A1,/Game/Level/PathActor/V1_0_0/Sea/Map_TP_Sea_N0_1001_A1
18,Map_FP_Sea_N0_1001_A1,/Game/Level/Area/V1_0_0/Sea/Map_FP_Sea_N0_1001_A1,/Game/Level/PathActor/V1_0_0/Sea/Map_FP_Sea_N0_1001_A1
19,Map_FP_Sea_N0_1002_A1,/Game/Level/Area/V1_0_0/Sea/Map_FP_Sea_N0_1002_A1,/Game/Level/PathActor/V1_0_0/Sea/Map_FP_Sea_N0_1002_A1
20,Map_DP_Sea_N0_1001_A1,/Game/Level/Area/V1_0_0/Sea/Map_DP_Sea_N0_1001_A1,/Game/Level/PathActor/V1_0_0/Sea/Map_DP_Sea_N0_1001_A1
21,Map_DP_Sea_N0_1001_B1,/Game/Level/Area/V1_0_0/Sea/Map_DP_Sea_N0_1001_B1,/Game/Level/PathActor/V1_0_0/Sea/Map_DP_Sea_N0_1001_B1
22,Map_DP_Sea_N0_1001_C1,/Game/Level/Area/V1_0_0/Sea/Map_DP_Sea_N0_1001_C1,/Game/Level/PathActor/V1_0_0/Sea/Map_DP_Sea_N0_1001_C1
23,Map_TP_Desert_N0_1001_A1,/Game/Level/Area/V1_0_0/Desert/Map_TP_Desert_N0_1001_A1,/Game/Level/PathActor/V1_0_0/Desert/Map_TP_Desert_N0_1001_A1
24,Map_FP_Desert_N0_1001_A1,/Game/Level/Area/V1_0_0/Desert/Map_FP_Desert_N0_1001_A1,/Game/Level/PathActor/V1_0_0/Desert/Map_FP_Desert_N0_1001_A1
25,Map_FP_Desert_N0_1002_A1,/Game/Level/Area/V1_0_0/Desert/Map_FP_Desert_N0_1002_A1,/Game/Level/PathActor/V1_0_0/Desert/Map_FP_Desert_N0_1002_A1
26,Map_TP_Mount_N0_1002_A1,/Game/Level/Area/V1_0_0/Mount/Map_TP_Mount_N0_1002_A1,/Game/Level/PathActor/V1_0_0/Mount/Map_TP_Mount_N0_1002_A1
27,Map_TP_Mount_N0_1002_B1,/Game/Level/Area/V1_0_0/Mount/Map_TP_Mount_N0_1002_B1,/Game/Level/PathActor/V1_0_0/Mount/Map_TP_Mount_N0_1002_B1
28,Map_FP_Mount_N0_1001_A1,/Game/Level/Area/V1_0_0/Mount/Map_FP_Mount_N0_1001_A1,/Game/Level/PathActor/V1_0_0/Mount/Map_FP_Mount_N0_1001_A1
29,Map_FP_Mount_N0_1002_A1,/Game/Level/Area/V1_0_0/Mount/Map_FP_Mount_N0_1002_A1,/Game/Level/PathActor/V1_0_0/Mount/Map_FP_Mount_N0_1002_A1
30,Map_DP_Mount_N0_1001_A1,/Game/Level/Area/V1_0_0/Mount/Map_DP_Mount_N0_1001_A1,/Game/Level/PathActor/V1_0_0/Mount/Map_DP_Mount_N0_1001_A1
31,Map_DP_Mount_N0_1001_B1,/Game/Level/Area/V1_0_0/Mount/Map_DP_Mount_N0_1001_B1,/Game/Level/PathActor/V1_0_0/Mount/Map_DP_Mount_N0_1001_B1
32,Map_DP_Mount_N0_1001_C1,/Game/Level/Area/V1_0_0/Mount/Map_DP_Mount_N0_1001_C1,/Game/Level/PathActor/V1_0_0/Mount/Map_DP_Mount_N0_1001_C1
33,Map_TP_Forest_N0_1001_A1,/Game/Level/Area/V1_0_0/Forest/Map_TP_Forest_N0_1001_A1,/Game/Level/PathActor/V1_0_0/Forest/Map_TP_Forest_N0_1001_A1
34,Map_TP_Forest_N0_1001_B1,/Game/Level/Area/V1_0_0/Forest/Map_TP_Forest_N0_1001_B1,/Game/Level/PathActor/V1_0_0/Forest/Map_TP_Forest_N0_1001_B1
35,Map_FP_Forest_N0_1001_A1,/Game/Level/Area/V1_0_0/Forest/Map_FP_Forest_N0_1001_A1,/Game/Level/PathActor/V1_0_0/Forest/Map_FP_Forest_N0_1001_A1
36,Map_FP_Forest_N0_1002_A1,/Game/Level/Area/V1_0_0/Forest/Map_FP_Forest_N0_1002_A1,/Game/Level/PathActor/V1_0_0/Forest/Map_FP_Forest_N0_1002_A1
37,Map_DP_Forest_N0_1001_A1,/Game/Level/Area/V1_0_0/Forest/Map_DP_Forest_N0_1001_A1,/Game/Level/PathActor/V1_0_0/Forest/Map_DP_Forest_N0_1001_A1
38,Map_DP_Forest_N0_1001_B1,/Game/Level/Area/V1_0_0/Forest/Map_DP_Forest_N0_1001_B1,/Game/Level/PathActor/V1_0_0/Forest/Map_DP_Forest_N0_1001_B1
39,Map_DP_Forest_N0_1002_A1,/Game/Level/Area/V1_0_0/Forest/Map_DP_Forest_N0_1002_A1,/Game/Level/PathActor/V1_0_0/Forest/Map_DP_Forest_N0_1002_A1
40,Map_DP_Forest_N0_1002_B1,/Game/Level/Area/V1_0_0/Forest/Map_DP_Forest_N0_1002_B1,/Game/Level/PathActor/V1_0_0/Forest/Map_DP_Forest_N0_1002_B1
41,Map_DP_Forest_N0_1003_A1,/Game/Level/Area/V1_0_0/Forest/Map_DP_Forest_N0_1003_A1,/Game/Level/PathActor/V1_0_0/Forest/Map_DP_Forest_N0_1003_A1
42,Map_DP_Forest_N0_1003_B1,/Game/Level/Area/V1_0_0/Forest/Map_DP_Forest_N0_1003_B1,/Game/Level/PathActor/V1_0_0/Forest/Map_DP_Forest_N0_1003_B1
43,Map_TP_Snow_N0_1001_A1,/Game/Level/Area/V1_0_0/Snow/Map_TP_Snow_N0_1001_A1,/Game/Level/PathActor/V1_0_0/Snow/Map_TP_Snow_N0_1001_A1
44,Map_TP_Snow_N0_1001_B1,/Game/Level/Area/V1_0_0/Snow/Map_TP_Snow_N0_1001_B1,/Game/Level/PathActor/V1_0_0/Snow/Map_TP_Snow_N0_1001_B1
45,Map_TP_Snow_N0_1001_C1,/Game/Level/Area/V1_0_0/Snow/Map_TP_Snow_N0_1001_C1,/Game/Level/PathActor/V1_0_0/Snow/Map_TP_Snow_N0_1001_C1
46,Map_TP_Snow_N0_1002_A1,/Game/Level/Area/V1_0_0/Snow/Map_TP_Snow_N0_1002_A1,/Game/Level/PathActor/V1_0_0/Snow/Map_TP_Snow_N0_1002_A1
47,Map_FP_Snow_N0_1001_A1,/Game/Level/Area/V1_0_0/Snow/Map_FP_Snow_N0_1001_A1,/Game/Level/PathActor/V1_0_0/Snow/Map_FP_Snow_N0_1001_A1
48,Map_FP_Snow_N0_1002_A1,/Game/Level/Area/V1_0_0/Snow/Map_FP_Snow_N0_1002_A1,/Game/Level/PathActor/V1_0_0/Snow/Map_FP_Snow_N0_1002_A1
49,Map_DP_Snow_N0_1001_A1,/Game/Level/Area/V1_0_0/Snow/Map_DP_Snow_N0_1001_A1,/Game/Level/PathActor/V1_0_0/Snow/Map_DP_Snow_N0_1001_A1
50,Map_DP_Snow_N0_1001_B1,/Game/Level/Area/V1_0_0/Snow/Map_DP_Snow_N0_1001_B1,/Game/Level/PathActor/V1_0_0/Snow/Map_DP_Snow_N0_1001_B1
51,Map_DP_Snow_N0_1002_A1,/Game/Level/Area/V1_0_0/Snow/Map_DP_Snow_N0_1002_A1,/Game/Level/PathActor/V1_0_0/Snow/Map_DP_Snow_N0_1002_A1
52,Map_DP_Snow_N0_1002_B1,/Game/Level/Area/V1_0_0/Snow/Map_DP_Snow_N0_1002_B1,/Game/Level/PathActor/V1_0_0/Snow/Map_DP_Snow_N0_1002_B1
53,Map_DP_Snow_N0_1003_A1,/Game/Level/Area/V1_0_0/Snow/Map_DP_Snow_N0_1003_A1,/Game/Level/PathActor/V1_0_0/Snow/Map_DP_Snow_N0_1003_A1
54,Map_DP_Snow_N0_1003_B1,/Game/Level/Area/V1_0_0/Snow/Map_DP_Snow_N0_1003_B1,/Game/Level/PathActor/V1_0_0/Snow/Map_DP_Snow_N0_1003_B1
55,Map_DP_Snow_N0_1004_A1,/Game/Level/Area/V1_0_0/Snow/Map_DP_Snow_N0_1004_A1,/Game/Level/PathActor/V1_0_0/Snow/Map_DP_Snow_N0_1004_A1
56,Map_TP_River_N0_1001_A1,/Game/Level/Area/V1_0_0/River/Map_TP_River_N0_1001_A1,/Game/Level/PathActor/V1_0_0/River/Map_TP_River_N0_1001_A1
57,Map_FP_River_N0_1001_A1,/Game/Level/Area/V1_0_0/River/Map_FP_River_N0_1001_A1,/Game/Level/PathActor/V1_0_0/River/Map_FP_River_N0_1001_A1
58,Map_FP_River_N0_1002_A1,/Game/Level/Area/V1_0_0/River/Map_FP_River_N0_1002_A1,/Game/Level/PathActor/V1_0_0/River/Map_FP_River_N0_1002_A1
59,Map_DP_River_N0_1001_A1,/Game/Level/Area/V1_0_0/River/Map_DP_River_N0_1001_A1,/Game/Level/PathActor/V1_0_0/River/Map_DP_River_N0_1001_A1
60,Map_DP_River_N0_1001_B1,/Game/Level/Area/V1_0_0/River/Map_DP_River_N0_1001_B1,/Game/Level/PathActor/V1_0_0/River/Map_DP_River_N0_1001_B1
61,Map_DP_River_N0_1002_A1,/Game/Level/Area/V1_0_0/River/Map_DP_River_N0_1002_A1,/Game/Level/PathActor/V1_0_0/River/Map_DP_River_N0_1002_A1
62,Map_DP_River_N0_1002_B1,/Game/Level/Area/V1_0_0/River/Map_DP_River_N0_1002_B1,/Game/Level/PathActor/V1_0_0/River/Map_DP_River_N0_1002_B1
63,Map_TP_Plain_N0_1001_A1,/Game/Level/Area/V1_0_0/Plain/Map_TP_Plain_N0_1001_A1,/Game/Level/PathActor/V1_0_0/Plain/Map_TP_Plain_N0_1001_A1
64,Map_TP_Plain_N0_1001_B1,/Game/Level/Area/V1_0_0/Plain/Map_TP_Plain_N0_1001_B1,/Game/Level/PathActor/V1_0_0/Plain/Map_TP_Plain_N0_1001_B1
65,Map_TP_Plain_N0_1001_C1,/Game/Level/Area/V1_0_0/Plain/Map_TP_Plain_N0_1001_C1,/Game/Level/PathActor/V1_0_0/Plain/Map_TP_Plain_N0_1001_C1
66,Map_FP_Plain_N0_1001_A1,/Game/Level/Area/V1_0_0/Plain/Map_FP_Plain_N0_1001_A1,/Game/Level/PathActor/V1_0_0/Plain/Map_FP_Plain_N0_1001_A1
67,Map_FP_Plain_N0_1002_A1,/Game/Level/Area/V1_0_0/Plain/Map_FP_Plain_N0_1002_A1,/Game/Level/PathActor/V1_0_0/Plain/Map_FP_Plain_N0_1002_A1
68,Map_DP_Plain_N0_1001_A1,/Game/Level/Area/V1_0_0/Plain/Map_DP_Plain_N0_1001_A1,/Game/Level/PathActor/V1_0_0/Plain/Map_DP_Plain_N0_1001_A1
69,Map_DP_Plain_N0_1001_B1,/Game/Level/Area/V1_0_0/Plain/Map_DP_Plain_N0_1001_B1,/Game/Level/PathActor/V1_0_0/Plain/Map_DP_Plain_N0_1001_B1
70,Map_DP_Plain_N0_1002_A1,/Game/Level/Area/V1_0_0/Plain/Map_DP_Plain_N0_1002_A1,/Game/Level/PathActor/V1_0_0/Plain/Map_DP_Plain_N0_1002_A1
71,Map_DP_Plain_N0_1002_B1,/Game/Level/Area/V1_0_0/Plain/Map_DP_Plain_N0_1002_B1,/Game/Level/PathActor/V1_0_0/Plain/Map_DP_Plain_N0_1002_B1
72,Map_DP_Plain_N0_1003_A1,/Game/Level/Area/V1_0_0/Plain/Map_DP_Plain_N0_1003_A1,/Game/Level/PathActor/V1_0_0/Plain/Map_DP_Plain_N0_1003_A1
73,Map_HP_Snow_N0_1009_A1,/Game/Level/Area/V1_0_0/Snow/Map_HP_Snow_N0_1009_A1,/Game/Level/PathActor/V1_0_0/Snow/Map_HP_Snow_N0_1009_A1
74,Map_HP_Cliff_N0_1009_A1,/Game/Level/Area/V1_0_0/Cliff/Map_HP_Cliff_N0_1009_A1,/Game/Level/PathActor/V1_0_0/Cliff/Map_HP_Cliff_N0_1009_A1
75,Map_HP_Sea_N0_1009_A1,/Game/Level/Area/V1_0_0/Sea/Map_HP_Sea_N0_1009_A1,/Game/Level/PathActor/V1_0_0/Sea/Map_HP_Sea_N0_1009_A1
76,Map_HP_Desert_N0_1009_A1,/Game/Level/Area/V1_0_0/Desert/Map_HP_Desert_N0_1009_A1,/Game/Level/PathActor/V1_0_0/Desert/Map_HP_Desert_N0_1009_A1
77,Map_HP_Mount_N0_1009_A1,/Game/Level/Area/V1_0_0/Mount/Map_HP_Mount_N0_1009_A1,/Game/Level/PathActor/V1_0_0/Mount/Map_HP_Mount_N0_1009_A1
78,Map_HP_Forest_N0_1009_A1,/Game/Level/Area/V1_0_0/Forest/Map_HP_Forest_N0_1009_A1,/Game/Level/PathActor/V1_0_0/Forest/Map_HP_Forest_N0_1009_A1
79,Map_HP_River_N0_1009_A1,/Game/Level/Area/V1_0_0/River/Map_HP_River_N0_1009_A1,/Game/Level/PathActor/V1_0_0/River/Map_HP_River_N0_1009_A1
80,Map_HP_Plain_N0_1009_A1,/Game/Level/Area/V1_0_0/Plain/Map_HP_Plain_N0_1009_A1,/Game/Level/PathActor/V1_0_0/Plain/Map_HP_Plain_N0_1009_A1
81,Map_DP_Cliff_N0_1009_A1,/Game/Level/Area/V1_0_0/Cliff/Map_DP_Cliff_N0_1009_A1,/Game/Level/PathActor/V1_0_0/Cliff/Map_DP_Cliff_N0_1009_A1
82,Map_DP_Desert_N0_1009_A1,/Game/Level/Area/V1_0_0/Desert/Map_DP_Desert_N0_1009_A1,/Game/Level/PathActor/V1_0_0/Desert/Map_DP_Desert_N0_1009_A1
83,Map_DP_Forest_N0_1009_A1,/Game/Level/Area/V1_0_0/Forest/Map_DP_Forest_N0_1009_A1,/Game/Level/PathActor/V1_0_0/Forest/Map_DP_Forest_N0_1009_A1
84,Map_DP_Mount_N0_1009_A1,/Game/Level/Area/V1_0_0/Mount/Map_DP_Mount_N0_1009_A1,/Game/Level/PathActor/V1_0_0/Mount/Map_DP_Mount_N0_1009_A1
85,Map_DP_Plain_N0_1009_A1,/Game/Level/Area/V1_0_0/Plain/Map_DP_Plain_N0_1009_A1,/Game/Level/PathActor/V1_0_0/Plain/Map_DP_Plain_N0_1009_A1
86,Map_DP_River_N0_1009_A1,/Game/Level/Area/V1_0_0/River/Map_DP_River_N0_1009_A1,/Game/Level/PathActor/V1_0_0/River/Map_DP_River_N0_1009_A1
87,Map_DP_Sea_N0_1009_A1,/Game/Level/Area/V1_0_0/Sea/Map_DP_Sea_N0_1009_A1,/Game/Level/PathActor/V1_0_0/Sea/Map_DP_Sea_N0_1009_A1
88,Map_DP_Snow_N0_1009_A1,/Game/Level/Area/V1_0_0/Snow/Map_DP_Snow_N0_1009_A1,/Game/Level/PathActor/V1_0_0/Snow/Map_DP_Snow_N0_1009_A1
89,Map_TP_Forest_N0_2001_A1,/Game/Level/Area/V1_0_0/Forest/Map_TP_Forest_N0_2001_A1,/Game/Level/PathActor/V1_0_0/Forest/Map_TP_Forest_N0_2001_A1
90,Map_TP_Forest_N0_2001_B1,/Game/Level/Area/V1_0_0/Forest/Map_TP_Forest_N0_2001_B1,/Game/Level/PathActor/V1_0_0/Forest/Map_TP_Forest_N0_2001_B1
91,Map_TP_Forest_N0_2001_C1,/Game/Level/Area/V1_0_0/Forest/Map_TP_Forest_N0_2001_C1,/Game/Level/PathActor/V1_0_0/Forest/Map_TP_Forest_N0_2001_C1
92,Map_TP_Forest_N0_2001_D1,/Game/Level/Area/V1_0_0/Forest/Map_TP_Forest_N0_2001_D1,/Game/Level/PathActor/V1_0_0/Forest/Map_TP_Forest_N0_2001_D1
93,Map_FP_Forest_N0_2001_A1,/Game/Level/Area/V1_0_0/Forest/Map_FP_Forest_N0_2001_A1,/Game/Level/PathActor/V1_0_0/Forest/Map_FP_Forest_N0_2001_A1
94,Map_DP_Forest_N0_2001_A1,/Game/Level/Area/V1_0_0/Forest/Map_DP_Forest_N0_2001_A1,/Game/Level/PathActor/V1_0_0/Forest/Map_DP_Forest_N0_2001_A1
95,Map_DP_Forest_N0_2001_B1,/Game/Level/Area/V1_0_0/Forest/Map_DP_Forest_N0_2001_B1,/Game/Level/PathActor/V1_0_0/Forest/Map_DP_Forest_N0_2001_B1
96,Map_DP_Forest_N0_2009_A1,/Game/Level/Area/V1_0_0/Forest/Map_DP_Forest_N0_2009_A1,/Game/Level/PathActor/V1_0_0/Forest/Map_DP_Forest_N0_2009_A1
97,Map_TP_Snow_N0_2001_A1,/Game/Level/Area/V1_0_0/Snow/Map_TP_Snow_N0_2001_A1,/Game/Level/PathActor/V1_0_0/Snow/Map_TP_Snow_N0_2001_A1
98,Map_TP_Snow_N0_2001_B1,/Game/Level/Area/V1_0_0/Snow/Map_TP_Snow_N0_2001_B1,/Game/Level/PathActor/V1_0_0/Snow/Map_TP_Snow_N0_2001_B1
99,Map_TP_Snow_N0_2001_C1,/Game/Level/Area/V1_0_0/Snow/Map_TP_Snow_N0_2001_C1,/Game/Level/PathActor/V1_0_0/Snow/Map_TP_Snow_N0_2001_C1
100,Map_TP_Snow_N0_2002_A1,/Game/Level/Area/V1_0_0/Snow/Map_TP_Snow_N0_2002_A1,/Game/Level/PathActor/V1_0_0/Snow/Map_TP_Snow_N0_2002_A1
101,Map_TP_Snow_N0_2002_B1,/Game/Level/Area/V1_0_0/Snow/Map_TP_Snow_N0_2002_B1,/Game/Level/PathActor/V1_0_0/Snow/Map_TP_Snow_N0_2002_B1
102,Map_FP_Snow_N0_2001_A1,/Game/Level/Area/V1_0_0/Snow/Map_FP_Snow_N0_2001_A1,/Game/Level/PathActor/V1_0_0/Snow/Map_FP_Snow_N0_2001_A1
103,Map_DP_Snow_N0_2001_A1,/Game/Level/Area/V1_0_0/Snow/Map_DP_Snow_N0_2001_A1,/Game/Level/PathActor/V1_0_0/Snow/Map_DP_Snow_N0_2001_A1
104,Map_DP_Snow_N0_2001_B1,/Game/Level/Area/V1_0_0/Snow/Map_DP_Snow_N0_2001_B1,/Game/Level/PathActor/V1_0_0/Snow/Map_DP_Snow_N0_2001_B1
105,Map_DP_Snow_N0_2002_A1,/Game/Level/Area/V1_0_0/Snow/Map_DP_Snow_N0_2002_A1,/Game/Level/PathActor/V1_0_0/Snow/Map_DP_Snow_N0_2002_A1
106,Map_DP_Snow_N0_2002_B1,/Game/Level/Area/V1_0_0/Snow/Map_DP_Snow_N0_2002_B1,/Game/Level/PathActor/V1_0_0/Snow/Map_DP_Snow_N0_2002_B1
107,Map_DP_Snow_N0_2002_C1,/Game/Level/Area/V1_0_0/Snow/Map_DP_Snow_N0_2002_C1,/Game/Level/PathActor/V1_0_0/Snow/Map_DP_Snow_N0_2002_C1
108,Map_DP_Snow_N0_2009_A1,/Game/Level/Area/V1_0_0/Snow/Map_DP_Snow_N0_2009_A1,/Game/Level/PathActor/V1_0_0/Snow/Map_DP_Snow_N0_2009_A1
109,Map_TP_Desert_N0_2001_A1,/Game/Level/Area/V1_0_0/Desert/Map_TP_Desert_N0_2001_A1,/Game/Level/PathActor/V1_0_0/Desert/Map_TP_Desert_N0_2001_A1
110,Map_TP_Desert_N0_2001_B1,/Game/Level/Area/V1_0_0/Desert/Map_TP_Desert_N0_2001_B1,/Game/Level/PathActor/V1_0_0/Desert/Map_TP_Desert_N0_2001_B1
111,Map_FP_Desert_N0_2001_A1,/Game/Level/Area/V1_0_0/Desert/Map_FP_Desert_N0_2001_A1,/Game/Level/PathActor/V1_0_0/Desert/Map_FP_Desert_N0_2001_A1
112,Map_FP_Desert_N0_2002_A1,/Game/Level/Area/V1_0_0/Desert/Map_FP_Desert_N0_2002_A1,/Game/Level/PathActor/V1_0_0/Desert/Map_FP_Desert_N0_2002_A1
113,Map_DP_Desert_N0_2001_A1,/Game/Level/Area/V1_0_0/Desert/Map_DP_Desert_N0_2001_A1,/Game/Level/PathActor/V1_0_0/Desert/Map_DP_Desert_N0_2001_A1
114,Map_DP_Desert_N0_2001_B1,/Game/Level/Area/V1_0_0/Desert/Map_DP_Desert_N0_2001_B1,/Game/Level/PathActor/V1_0_0/Desert/Map_DP_Desert_N0_2001_B1
115,Map_DP_Desert_N0_2009_A1,/Game/Level/Area/V1_0_0/Desert/Map_DP_Desert_N0_2009_A1,/Game/Level/PathActor/V1_0_0/Desert/Map_DP_Desert_N0_2009_A1
116,Map_TP_River_N0_2001_A1,/Game/Level/Area/V1_0_0/River/Map_TP_River_N0_2001_A1,/Game/Level/PathActor/V1_0_0/River/Map_TP_River_N0_2001_A1
117,Map_TP_River_N0_2001_B1,/Game/Level/Area/V1_0_0/River/Map_TP_River_N0_2001_B1,/Game/Level/PathActor/V1_0_0/River/Map_TP_River_N0_2001_B1
118,Map_FP_River_N0_2001_A1,/Game/Level/Area/V1_0_0/River/Map_FP_River_N0_2001_A1,/Game/Level/PathActor/V1_0_0/River/Map_FP_River_N0_2001_A1
119,Map_DP_River_N0_2001_A1,/Game/Level/Area/V1_0_0/River/Map_DP_River_N0_2001_A1,/Game/Level/PathActor/V1_0_0/River/Map_DP_River_N0_2001_A1
120,Map_DP_River_N0_2001_B1,/Game/Level/Area/V1_0_0/River/Map_DP_River_N0_2001_B1,/Game/Level/PathActor/V1_0_0/River/Map_DP_River_N0_2001_B1
121,Map_DP_River_N0_2009_A1,/Game/Level/Area/V1_0_0/River/Map_DP_River_N0_2009_A1,/Game/Level/PathActor/V1_0_0/River/Map_DP_River_N0_2009_A1
122,Map_TP_Sea_N0_2001_A1,/Game/Level/Area/V1_0_0/Sea/Map_TP_Sea_N0_2001_A1,/Game/Level/PathActor/V1_0_0/Sea/Map_TP_Sea_N0_2001_A1
123,Map_TP_Sea_N0_2001_B1,/Game/Level/Area/V1_0_0/Sea/Map_TP_Sea_N0_2001_B1,/Game/Level/PathActor/V1_0_0/Sea/Map_TP_Sea_N0_2001_B1
124,Map_TP_Sea_N0_2001_C1,/Game/Level/Area/V1_0_0/Sea/Map_TP_Sea_N0_2001_C1,/Game/Level/PathActor/V1_0_0/Sea/Map_TP_Sea_N0_2001_C1
125,Map_TP_Sea_N0_2001_D1,/Game/Level/Area/V1_0_0/Sea/Map_TP_Sea_N0_2001_D1,/Game/Level/PathActor/V1_0_0/Sea/Map_TP_Sea_N0_2001_D1
126,Map_FP_Sea_N0_2001_A1,/Game/Level/Area/V1_0_0/Sea/Map_FP_Sea_N0_2001_A1,/Game/Level/PathActor/V1_0_0/Sea/Map_FP_Sea_N0_2001_A1
127,Map_DP_Sea_N0_2001_A1,/Game/Level/Area/V1_0_0/Sea/Map_DP_Sea_N0_2001_A1,/Game/Level/PathActor/V1_0_0/Sea/Map_DP_Sea_N0_2001_A1
128,Map_DP_Sea_N0_2001_B1,/Game/Level/Area/V1_0_0/Sea/Map_DP_Sea_N0_2001_B1,/Game/Level/PathActor/V1_0_0/Sea/Map_DP_Sea_N0_2001_B1
129,Map_DP_Sea_N0_2009_A1,/Game/Level/Area/V1_0_0/Sea/Map_DP_Sea_N0_2009_A1,/Game/Level/PathActor/V1_0_0/Sea/Map_DP_Sea_N0_2009_A1
130,Map_FP_Plain_N0_2001_A1,/Game/Level/Area/V1_0_0/Plain/Map_FP_Plain_N0_2001_A1,/Game/Level/PathActor/V1_0_0/Plain/Map_FP_Plain_N0_2001_A1
131,Map_FP_Plain_N0_2001_B1,/Game/Level/Area/V1_0_0/Plain/Map_FP_Plain_N0_2001_B1,/Game/Level/PathActor/V1_0_0/Plain/Map_FP_Plain_N0_2001_B1
132,Map_TP_Plain_N0_2001_A1,/Game/Level/Area/V1_0_0/Plain/Map_TP_Plain_N0_2001_A1,/Game/Level/PathActor/V1_0_0/Plain/Map_TP_Plain_N0_2001_A1
133,Map_TP_Plain_N0_2001_B1,/Game/Level/Area/V1_0_0/Plain/Map_TP_Plain_N0_2001_B1,/Game/Level/PathActor/V1_0_0/Plain/Map_TP_Plain_N0_2001_B1
134,Map_TP_Plain_N0_2001_C1,/Game/Level/Area/V1_0_0/Plain/Map_TP_Plain_N0_2001_C1,/Game/Level/PathActor/V1_0_0/Plain/Map_TP_Plain_N0_2001_C1
135,Map_TP_Plain_N0_2001_D1,/Game/Level/Area/V1_0_0/Plain/Map_TP_Plain_N0_2001_D1,/Game/Level/PathActor/V1_0_0/Plain/Map_TP_Plain_N0_2001_D1
136,Map_DP_Plain_N0_2009_A1,/Game/Level/Area/V1_0_0/Plain/Map_DP_Plain_N0_2009_A1,/Game/Level/PathActor/V1_0_0/Plain/Map_DP_Plain_N0_2009_A1
137,Map_TP_Cliff_N0_2001_A1,/Game/Level/Area/V1_0_0/Cliff/Map_TP_Cliff_N0_2001_A1,/Game/Level/PathActor/V1_0_0/Cliff/Map_TP_Cliff_N0_2001_A1
138,Map_FP_Cliff_N0_2001_A1,/Game/Level/Area/V1_0_0/Cliff/Map_FP_Cliff_N0_2001_A1,/Game/Level/PathActor/V1_0_0/Cliff/Map_FP_Cliff_N0_2001_A1
139,Map_HP_Snow_N0_2009_A1,/Game/Level/Area/V1_0_0/Snow/Map_HP_Snow_N0_2009_A1,/Game/Level/PathActor/V1_0_0/Snow/Map_HP_Snow_N0_2009_A1
140,Map_FB_Cliff_N0_1001_A1,/Game/Level/Area/V1_0_0/Cliff/Map_FB_Cliff_N0_1001_A1,/Game/Level/PathActor/V1_0_0/Cliff/Map_FB_Cliff_N0_1001_A1
141,Map_FB_Forest_N0_1001_A1,/Game/Level/Area/V1_0_0/Forest/Map_FB_Forest_N0_1001_A1,/Game/Level/PathActor/V1_0_0/Forest/Map_FB_Forest_N0_1001_A1
142,Map_FB_Snow_N0_1001_A1,/Game/Level/Area/V1_0_0/Snow/Map_FB_Snow_N0_1001_A1,/Game/Level/PathActor/V1_0_0/Snow/Map_FB_Snow_N0_1001_A1
143,Map_FB_Plain_N0_1001_A1,/Game/Level/Area/V1_0_0/Plain/Map_FB_Plain_N0_1001_A1,/Game/Level/PathActor/V1_0_0/Plain/Map_FB_Plain_N0_1001_A1
144,Map_FB_Sea_N0_1001_A1,/Game/Level/Area/V1_0_0/Sea/Map_FB_Sea_N0_1001_A1,/Game/Level/PathActor/V1_0_0/Sea/Map_FB_Sea_N0_1001_A1
145,Map_FB_Mount_N0_1001_A1,/Game/Level/Area/V1_0_0/Mount/Map_FB_Mount_N0_1001_A1,/Game/Level/PathActor/V1_0_0/Mount/Map_FB_Mount_N0_1001_A1
146,Map_FB_Desert_N0_1001_A1,/Game/Level/Area/V1_0_0/Desert/Map_FB_Desert_N0_1001_A1,/Game/Level/PathActor/V1_0_0/Desert/Map_FB_Desert_N0_1001_A1
147,Map_FB_River_N0_1001_A1,/Game/Level/Area/V1_0_0/River/Map_FB_River_N0_1001_A1,/Game/Level/PathActor/V1_0_0/River/Map_FB_River_N0_1001_A1
148,Map_DB_Other_H1_0001_A1,/Game/Level/Area/V1_0_0/Other/Map_DB_Other_H1_0001_A1,/Game/Level/PathActor/V1_0_0/Other/Map_DB_Other_H1_0001_A1
149,Map_DB_Other_H2_0001_A1,/Game/Level/Area/V1_0_0/Other/Map_DB_Other_H2_0001_A1,/Game/Level/PathActor/V1_0_0/Other/Map_DB_Other_H2_0001_A1
150,Map_DB_Other_H3_0001_A1,/Game/Level/Area/V1_0_0/Other/Map_DB_Other_H3_0001_A1,/Game/Level/PathActor/V1_0_0/Other/Map_DB_Other_H3_0001_A1
151,Map_DB_Other_C0_0001_A1,/Game/Level/Area/V1_0_0/Other/Map_DB_Other_C0_0001_A1,/Game/Level/PathActor/V1_0_0/Other/Map_DB_Other_C0_0001_A1
152,Map_DB_Other_C1_0001_A1,/Game/Level/Area/V1_0_0/Other/Map_DB_Other_C1_0001_A1,/Game/Level/PathActor/V1_0_0/Other/Map_DB_Other_C1_0001_A1
153,Map_DB_Other_C2_0001_A1,/Game/Level/Area/V1_0_0/Other/Map_DB_Other_C2_0001_A1,/Game/Level/PathActor/V1_0_0/Other/Map_DB_Other_C2_0001_A1
154,Map_DB_Other_C3_0001_A1,/Game/Level/Area/V1_0_0/Other/Map_DB_Other_C3_0001_A1,/Game/Level/PathActor/V1_0_0/Other/Map_DB_Other_C3_0001_A1
155,Map_DB_Other_R0_0001_A1,/Game/Level/Area/V1_0_0/Other/Map_DB_Other_R0_0001_A1,/Game/Level/PathActor/V1_0_0/Other/Map_DB_Other_R0_0001_A1
156,Map_FB_Forest_N0_1001_B1,/Game/Level/Area/V1_0_0/Forest/Map_FB_Forest_N0_1001_B1,/Game/Level/PathActor/V1_0_0/Forest/Map_FB_Forest_N0_1001_B1
157,Map_DB_Other_H1_0002_A1,/Game/Level/Area/V1_0_0/Other/Map_DB_Other_H1_0002_A1,/Game/Level/PathActor/V1_0_0/Other/Map_DB_Other_H1_0002_A1
158,Map_DB_Other_H2_0002_A1,/Game/Level/Area/V1_0_0/Other/Map_DB_Other_H2_0002_A1,/Game/Level/PathActor/V1_0_0/Other/Map_DB_Other_H2_0002_A1
159,Map_DB_Other_H1_0003_A1,/Game/Level/Area/V1_0_0/Other/Map_DB_Other_H1_0003_A1,/Game/Level/PathActor/V1_0_0/Other/Map_DB_Other_H1_0003_A1
160,Map_DB_Other_H1_0004_A1,/Game/Level/Area/V1_0_0/Other/Map_DB_Other_H1_0004_A1,/Game/Level/PathActor/V1_0_0/Other/Map_DB_Other_H1_0004_A1
161,Map_DB_Other_R0_0002_A1,/Game/Level/Area/V1_0_0/Other/Map_DB_Other_R0_0002_A1,/Game/Level/PathActor/V1_0_0/Other/Map_DB_Other_R0_0002_A1
162,Map_BB_Other_N0_1001_A1,/Game/Level/Area/V1_0_0/Other/Map_BB_Other_N0_1001_A1,/Game/Level/PathActor/V1_0_0/Other/Map_BB_Other_N0_1001_A1
163,Map_BB_Other_N0_1002_A1,/Game/Level/Area/V1_0_0/Other/Map_BB_Other_N0_1002_A1,/Game/Level/PathActor/V1_0_0/Other/Map_BB_Other_N0_1002_A1
164,Map_BB_Other_N0_1003_A1,/Game/Level/Area/V1_0_0/Other/Map_BB_Other_N0_1003_A1,/Game/Level/PathActor/V1_0_0/Other/Map_BB_Other_N0_1003_A1
165,Map_BB_Other_N0_1004_A1,/Game/Level/Area/V1_0_0/Other/Map_BB_Other_N0_1004_A1,/Game/Level/PathActor/V1_0_0/Other/Map_BB_Other_N0_1004_A1
166,Map_BB_Other_N0_1004_B1,/Game/Level/Area/V1_0_0/Other/Map_BB_Other_N0_1004_B1,/Game/Level/PathActor/V1_0_0/Other/Map_BB_Other_N0_1004_B1
167,Map_DB_Other_H1_0005_A1,/Game/Level/Area/V1_0_0/Other/Map_DB_Other_H1_0005_A1,/Game/Level/PathActor/V1_0_0/Other/Map_DB_Other_H1_0005_A1
168,Map_FB_Cliff_N0_1002_A1,/Game/Level/Area/V1_0_0/Cliff/Map_FB_Cliff_N0_1002_A1,/Game/Level/PathActor/V1_0_0/Cliff/Map_FB_Cliff_N0_1002_A1
169,Map_BB_Other_N0_1005_A1,/Game/Level/Area/V1_0_0/Other/Map_BB_Other_N0_1005_A1,/Game/Level/PathActor/V1_0_0/Other/Map_BB_Other_N0_1005_A1
170,Map_DB_Other_R0_0003_A1,/Game/Level/Area/V1_0_0/Other/Map_DB_Other_R0_0003_A1,/Game/Level/PathActor/V1_0_0/Other/Map_DB_Other_R0_0003_A1
171,Map_FB_River_N0_2001_A1,/Game/Level/Area/V1_0_0/River/Map_FB_River_N0_2001_A1,/Game/Level/PathActor/V1_0_0/Other/Map_FB_River_N0_2001_A1
172,Map_DB_Other_H2_0004_A1,/Game/Level/Area/V1_0_0/Other/Map_DB_Other_H2_0004_A1,/Game/Level/PathActor/V1_0_0/Other/Map_DB_Other_H2_0004_A1
173,Map_TB_Other_N0_2050_A1,/Game/Level/Area/V1_0_0/Other/Map_TB_Other_N0_2050_A1,/Game/Level/PathActor/V1_0_0/Other/Map_TB_Other_N0_2050_A1
174,Map_TB_Sea_N0_2001_A1,/Game/Level/Area/V1_0_0/Sea/Map_TB_Sea_N0_2001_A1,/Game/Level/PathActor/V1_0_0/Sea/Map_TB_Sea_N0_2001_A1
175,Map_FB_Desert_N0_2001_A1,/Game/Level/Area/V1_0_0/Desert/Map_FB_Desert_N0_2001_A1,/Game/Level/PathActor/V1_0_0/Desert/Map_FB_Desert_N0_2001_A1
176,Map_DB_Other_H2_0005_A1,/Game/Level/Area/V1_0_0/Other/Map_DB_Other_H2_0005_A1,/Game/Level/PathActor/V1_0_0/Other/Map_DB_Other_H2_0005_A1
177,Map_DB_Other_C3_0002_A1,/Game/Level/Area/V1_0_0/Other/Map_DB_Other_C3_0002_A1,/Game/Level/PathActor/V1_0_0/Other/Map_DB_Other_C3_0002_A1
178,Map_EV_Other_N0_1001_A1,/Game/Level/Area/V1_0_0/Other/Map_EV_Other_N0_1001_A1,/Game/Level/PathActor/V1_0_0/Other/Map_EV_Other_N0_1001_A1
179,Map_EV_Other_N0_1002_A1,/Game/Level/Area/V1_0_0/Other/Map_EV_Other_N0_1002_A1,/Game/Level/PathActor/V1_0_0/Other/Map_EV_Other_N0_1002_A1
180,Map_EV_Other_N0_1003_A1,/Game/Level/Area/V1_0_0/Other/Map_EV_Other_N0_1003_A1,/Game/Level/PathActor/V1_0_0/Other/Map_EV_Other_N0_1003_A1
181,Map_EV_Other_N0_1004_A1,/Game/Level/Area/V1_0_0/Other/Map_EV_Other_N0_1004_A1,/Game/Level/PathActor/V1_0_0/Other/Map_EV_Other_N0_1004_A1
182,Map_EV_Other_N0_1005_A1,/Game/Level/Area/V1_0_0/Other/Map_EV_Other_N0_1005_A1,/Game/Level/PathActor/V1_0_0/Other/Map_EV_Other_N0_1005_A1
183,Map_EV_Other_N0_1006_A1,/Game/Level/Area/V1_0_0/Other/Map_EV_Other_N0_1006_A1,/Game/Level/PathActor/V1_0_0/Other/Map_EV_Other_N0_1006_A1
184,Map_EV_Other_N0_1007_A1,/Game/Level/Area/V1_0_0/Other/Map_EV_Other_N0_1007_A1,/Game/Level/PathActor/V1_0_0/Other/Map_EV_Other_N0_1007_A1
185,Map_EV_Other_N0_1008_A1,/Game/Level/Area/V1_0_0/Other/Map_EV_Other_N0_1008_A1,/Game/Level/PathActor/V1_0_0/Other/Map_EV_Other_N0_1008_A1
186,Map_EV_Other_N0_1009_A1,/Game/Level/Area/V1_0_0/Other/Map_EV_Other_N0_1009_A1,/Game/Level/PathActor/V1_0_0/Other/Map_EV_Other_N0_1009_A1
187,Map_EV_Other_N0_1010_A1,/Game/Level/Area/V1_0_0/Other/Map_EV_Other_N0_1010_A1,/Game/Level/PathActor/V1_0_0/Other/Map_EV_Other_N0_1010_A1
188,Map_EV_Other_N0_1011_A1,/Game/Level/Area/V1_0_0/Other/Map_EV_Other_N0_1011_A1,/Game/Level/PathActor/V1_0_0/Other/Map_EV_Other_N0_1011_A1
189,Map_EV_Other_N0_1012_A1,/Game/Level/Area/V1_0_0/Other/Map_EV_Other_N0_1012_A1,/Game/Level/PathActor/V1_0_0/Other/Map_EV_Other_N0_1012_A1
190,Map_EV_Other_N0_2001_A1,/Game/Level/Area/V1_0_0/Other/Map_EV_Other_N0_2001_A1,/Game/Level/PathActor/V1_0_0/Other/Map_EV_Other_N0_2001_A1
191,Map_EV_Other_N0_2001_B1,/Game/Level/Area/V1_0_0/Other/Map_EV_Other_N0_2001_B1,/Game/Level/PathActor/V1_0_0/Other/Map_EV_Other_N0_2001_B1
192,Map_EV_Other_N0_2001_C1,/Game/Level/Area/V1_0_0/Other/Map_EV_Other_N0_2001_C1,/Game/Level/PathActor/V1_0_0/Other/Map_EV_Other_N0_2001_C1
193,Map_EV_Other_N0_2001_D1,/Game/Level/Area/V1_0_0/Other/Map_EV_Other_N0_2001_D1,/Game/Level/PathActor/V1_0_0/Other/Map_EV_Other_N0_2001_D1
194,Map_EV_Other_N0_2002_A1,/Game/Level/Area/V1_0_0/Other/Map_EV_Other_N0_2002_A1,/Game/Level/PathActor/V1_0_0/Other/Map_EV_Other_N0_2002_A1
195,Map_EV_Other_N0_2003_A1,/Game/Level/Area/V1_0_0/Other/Map_EV_Other_N0_2003_A1,/Game/Level/PathActor/V1_0_0/Other/Map_EV_Other_N0_2003_A1
196,Map_EV_Other_N0_2004_A1,/Game/Level/Area/V1_0_0/Other/Map_EV_Other_N0_2004_A1,/Game/Level/PathActor/V1_0_0/Other/Map_EV_Other_N0_2004_A1
197,Map_EV_Other_N0_2005_A1,/Game/Level/Area/V1_0_0/Other/Map_EV_Other_N0_2005_A1,/Game/Level/PathActor/V1_0_0/Other/Map_EV_Other_N0_2005_A1
198,Map_EV_Other_N0_2005_B1,/Game/Level/Area/V1_0_0/Other/Map_EV_Other_N0_2005_B1,/Game/Level/PathActor/V1_0_0/Other/Map_EV_Other_N0_2005_B1
199,Map_EV_Other_N0_2006_A1,/Game/Level/Area/V1_0_0/Other/Map_EV_Other_N0_2006_A1,/Game/Level/PathActor/V1_0_0/Other/Map_EV_Other_N0_2006_A1
200,Map_EV_Other_N0_2007_A1,/Game/Level/Area/V1_0_0/Other/Map_EV_Other_N0_2007_A1,/Game/Level/PathActor/V1_0_0/Other/Map_EV_Other_N0_2007_A1
201,Map_EV_Other_N0_2007_B1,/Game/Level/Area/V1_0_0/Other/Map_EV_Other_N0_2007_B1,/Game/Level/PathActor/V1_0_0/Other/Map_EV_Other_N0_2007_B1
202,Map_EV_Other_N0_2008_A1,/Game/Level/Area/V1_0_0/Other/Map_EV_Other_N0_2008_A1,/Game/Level/PathActor/V1_0_0/Other/Map_EV_Other_N0_2008_A1
203,Map_EV_Other_N0_2009_A1,/Game/Level/Area/V1_0_0/Other/Map_EV_Other_N0_2009_A1,/Game/Level/PathActor/V1_0_0/Other/Map_EV_Other_N0_2009_A1
204,Map_EV_Other_N0_2010_A1,/Game/Level/Area/V1_0_0/Other/Map_EV_Other_N0_2010_A1,/Game/Level/PathActor/V1_0_0/Other/Map_EV_Other_N0_2010_A1
205,Map_EV_Other_N0_2011_A1,/Game/Level/Area/V1_0_0/Other/Map_EV_Other_N0_2011_A1,/Game/Level/PathActor/V1_0_0/Other/Map_EV_Other_N0_2011_A1
206,Map_EV_Other_N0_2012_A1,/Game/Level/Area/V1_0_0/Other/Map_EV_Other_N0_2012_A1,/Game/Level/PathActor/V1_0_0/Other/Map_EV_Other_N0_2012_A1
207,Map_EV_Other_N0_2013_A1,/Game/Level/Area/V1_0_0/Other/Map_EV_Other_N0_2013_A1,/Game/Level/PathActor/V1_0_0/Other/Map_EV_Other_N0_2013_A1
208,Map_EV_Other_N0_2014_A1,/Game/Level/Area/V1_0_0/Other/Map_EV_Other_N0_2014_A1,/Game/Level/PathActor/V1_0_0/Other/Map_EV_Other_N0_2014_A1
209,Map_EV_Other_N0_2015_A1,/Game/Level/Area/V1_0_0/Other/Map_EV_Other_N0_2015_A1,/Game/Level/PathActor/V1_0_0/Other/Map_EV_Other_N0_2015_A1
210,Map_EV_Other_N0_2016_A1,/Game/Level/Area/V1_0_0/Other/Map_EV_Other_N0_2016_A1,/Game/Level/PathActor/V1_0_0/Other/Map_EV_Other_N0_2016_A1
211,Map_EV_Other_N0_2017_A1,/Game/Level/Area/V1_0_0/Other/Map_EV_Other_N0_2017_A1,/Game/Level/PathActor/V1_0_0/Other/Map_EV_Other_N0_2017_A1
212,Map_EV_Other_N0_2018_A1,/Game/Level/Area/V1_0_0/Other/Map_EV_Other_N0_2018_A1,/Game/Level/PathActor/V1_0_0/Other/Map_EV_Other_N0_2018_A1
213,Map_EV_Other_N0_2019_A1,/Game/Level/Area/V1_0_0/Other/Map_EV_Other_N0_2019_A1,/Game/Level/PathActor/V1_0_0/Other/Map_EV_Other_N0_2019_A1
214,Map_EV_Other_N0_2020_A1,/Game/Level/Area/V1_0_0/Other/Map_EV_Other_N0_2020_A1,/Game/Level/PathActor/V1_0_0/Other/Map_EV_Other_N0_2020_A1
215,Map_EV_Other_N0_2021_A1,/Game/Level/Area/V1_0_0/Other/Map_EV_Other_N0_2021_A1,/Game/Level/PathActor/V1_0_0/Other/Map_EV_Other_N0_2021_A1
216,Map_EV_Other_N0_2022_A1,/Game/Level/Area/V1_0_0/Other/Map_EV_Other_N0_2022_A1,/Game/Level/PathActor/V1_0_0/Other/Map_EV_Other_N0_2022_A1
217,Map_EV_Other_N0_2023_A1,/Game/Level/Area/V1_0_0/Other/Map_EV_Other_N0_2023_A1,/Game/Level/PathActor/V1_0_0/Other/Map_EV_Other_N0_2023_A1
218,Map_EV_Other_N0_2024_A1,/Game/Level/Area/V1_0_0/Other/Map_EV_Other_N0_2024_A1,/Game/Level/PathActor/V1_0_0/Other/Map_EV_Other_N0_2024_A1
219,Map_EV_Other_N0_2050_A1,/Game/Level/Area/V1_0_0/Other/Map_EV_Other_N0_2050_A1,/Game/Level/PathActor/V1_0_0/Other/Map_EV_Other_N0_2050_A1
220,Map_EV_Other_N0_0001_A1,/Game/Level/Area/V1_0_0/Other/Map_EV_Other_N0_0001_A1,/Game/Level/PathActor/V1_0_0/Other/Map_EV_Other_N0_0001_A1
221,Map_EV_Other_N0_0002_A1,/Game/Level/Area/V1_0_0/Other/Map_EV_Other_N0_0002_A1,/Game/Level/PathActor/V1_0_0/Other/Map_EV_Other_N0_0002_A1
222,Map_EV_Other_N0_0003_A1,/Game/Level/Area/V1_0_0/Other/Map_EV_Other_N0_0003_A1,/Game/Level/PathActor/V1_0_0/Other/Map_EV_Other_N0_0003_A1
223,Map_EV_Other_N0_0004_A1,/Game/Level/Area/V1_0_0/Other/Map_EV_Other_N0_0004_A1,/Game/Level/PathActor/V1_0_0/Other/Map_EV_Other_N0_0004_A1
224,Map_EV_Other_N0_0005_A1,/Game/Level/Area/V1_0_0/Other/Map_EV_Other_N0_0005_A1,/Game/Level/PathActor/V1_0_0/Other/Map_EV_Other_N0_0005_A1
225,Map_EV_Other_N0_0010_A1,/Game/Level/Area/V1_0_0/Other/Map_EV_Other_N0_0010_A1,/Game/Level/PathActor/V1_0_0/Other/Map_EV_Other_N0_0010_A1
226,Map_EV_Other_N0_0011_A1,/Game/Level/Area/V1_0_0/Other/Map_EV_Other_N0_0011_A1,/Game/Level/PathActor/V1_0_0/Other/Map_EV_Other_N0_0011_A1
227,Map_EV_Other_N0_0020_A1,/Game/Level/Area/V1_0_0/Other/Map_EV_Other_N0_0020_A1,/Game/Level/PathActor/V1_0_0/Other/Map_EV_Other_N0_0020_A1
228,Map_EV_Other_N0_0021_A1,/Game/Level/Area/V1_0_0/Other/Map_EV_Other_N0_0021_A1,/Game/Level/PathActor/V1_0_0/Other/Map_EV_Other_N0_0021_A1
229,Map_EV_Other_N0_0030_A1,/Game/Level/Area/V1_0_0/Other/Map_EV_Other_N0_0030_A1,/Game/Level/PathActor/V1_0_0/Other/Map_EV_Other_N0_0030_A1
230,Map_EV_Other_N0_0031_A1,/Game/Level/Area/V1_0_0/Other/Map_EV_Other_N0_0031_A1,/Game/Level/PathActor/V1_0_0/Other/Map_EV_Other_N0_0031_A1
231,Map_EV_Other_N0_0040_A1,/Game/Level/Area/V1_0_0/Other/Map_EV_Other_N0_0040_A1,/Game/Level/PathActor/V1_0_0/Other/Map_EV_Other_N0_0040_A1
232,Map_EV_Other_N0_0041_A1,/Game/Level/Area/V1_0_0/Other/Map_EV_Other_N0_0041_A1,/Game/Level/PathActor/V1_0_0/Other/Map_EV_Other_N0_0041_A1
233,Map_EV_Other_N0_0050_A1,/Game/Level/Area/V1_0_0/Other/Map_EV_Other_N0_0050_A1,/Game/Level/PathActor/V1_0_0/Other/Map_EV_Other_N0_0050_A1
234,Map_EV_Other_N0_0051_A1,/Game/Level/Area/V1_0_0/Other/Map_EV_Other_N0_0051_A1,/Game/Level/PathActor/V1_0_0/Other/Map_EV_Other_N0_0051_A1
235,Map_EV_Other_N0_0060_A1,/Game/Level/Area/V1_0_0/Other/Map_EV_Other_N0_0060_A1,/Game/Level/PathActor/V1_0_0/Other/Map_EV_Other_N0_0060_A1
236,Map_EV_Other_N0_0061_A1,/Game/Level/Area/V1_0_0/Other/Map_EV_Other_N0_0061_A1,/Game/Level/PathActor/V1_0_0/Other/Map_EV_Other_N0_0061_A1
237,Map_EV_Other_N0_0070_A1,/Game/Level/Area/V1_0_0/Other/Map_EV_Other_N0_0070_A1,/Game/Level/PathActor/V1_0_0/Other/Map_EV_Other_N0_0070_A1
238,Map_EV_Other_N0_0071_A1,/Game/Level/Area/V1_0_0/Other/Map_EV_Other_N0_0071_A1,/Game/Level/PathActor/V1_0_0/Other/Map_EV_Other_N0_0071_A1
239,Map_EV_Other_N0_0080_A1,/Game/Level/Area/V1_0_0/Other/Map_EV_Other_N0_0080_A1,/Game/Level/PathActor/V1_0_0/Other/Map_EV_Other_N0_0080_A1
240,Map_EV_Other_N0_0081_A1,/Game/Level/Area/V1_0_0/Other/Map_EV_Other_N0_0081_A1,/Game/Level/PathActor/V1_0_0/Other/Map_EV_Other_N0_0081_A1
241,Map_EV_Gacha_N0_0001_A1,/Game/Level/Area/V1_0_0/Other/Map_EV_Gacha_N0_0001_A1,/Game/Level/PathActor/V1_0_0/Other/Map_EV_Gacha_N0_0001_A1
242,Lv_Gh_All,/Game/Level/Area/Gacha/Level/Lv_Gh_All,
